Full name,Mobile,Email,Team
Avery Rowan [Synthetic 001],+12025550100,person001@example.test,Greeter interest; unverified fictional note
Jordan Rowan [Synthetic 002],+12025550101,person002@example.test,Usher interest; unverified fictional note
Morgan Rowan [Synthetic 003],+12025550102,person003@example.test,Production interest; unverified fictional note
Riley Rowan [Synthetic 004],+12025550103,person004@example.test,Youth helper interest; unverified fictional note
Casey Rowan [Synthetic 005],+12025550104,person005@example.test,Group host interest; unverified fictional note
Taylor Rowan [Synthetic 006],+12025550105,person006@example.test,Service volunteer interest; unverified fictional note
Quinn Rowan [Synthetic 007],+12025550106,person007@example.test,Greeter interest; unverified fictional note
Alex Rowan [Synthetic 008],+12025550107,person008@example.test,Usher interest; unverified fictional note
Skyler Rowan [Synthetic 009],+12025550108,person009@example.test,Production interest; unverified fictional note
Jamie Rowan [Synthetic 010],+12025550109,person010@example.test,Youth helper interest; unverified fictional note
Avery Hayes [Synthetic 011],+12025550110,person011@example.test,Group host interest; unverified fictional note
Jordan Hayes [Synthetic 012],+12025550111,person012@example.test,Service volunteer interest; unverified fictional note
Morgan Hayes [Synthetic 013],+12025550112,person013@example.test,Greeter interest; unverified fictional note
Riley Hayes [Synthetic 014],+12025550113,person014@example.test,Usher interest; unverified fictional note
Casey Hayes [Synthetic 015],+12025550114,person015@example.test,Production interest; unverified fictional note
Taylor Hayes [Synthetic 016],+12025550115,person016@example.test,Youth helper interest; unverified fictional note
Quinn Hayes [Synthetic 017],+12025550116,person017@example.test,Group host interest; unverified fictional note
Alex Hayes [Synthetic 018],+12025550117,person018@example.test,Service volunteer interest; unverified fictional note
Skyler Hayes [Synthetic 019],+12025550118,person019@example.test,Greeter interest; unverified fictional note
Jamie Hayes [Synthetic 020],+12025550119,person020@example.test,Usher interest; unverified fictional note
Avery Parker [Synthetic 021],+12025550120,person021@example.test,Production interest; unverified fictional note
Jordan Parker [Synthetic 022],+12025550121,person022@example.test,Youth helper interest; unverified fictional note
Morgan Parker [Synthetic 023],+12025550122,person023@example.test,Group host interest; unverified fictional note
Riley Parker [Synthetic 024],+12025550123,person024@example.test,Service volunteer interest; unverified fictional note
Casey Parker [Synthetic 025],+12025550124,person025@example.test,Greeter interest; unverified fictional note
Taylor Parker [Synthetic 026],+12025550125,person026@example.test,Usher interest; unverified fictional note
Quinn Parker [Synthetic 027],+12025550126,person027@example.test,Production interest; unverified fictional note
Alex Parker [Synthetic 028],+12025550127,person028@example.test,Youth helper interest; unverified fictional note
Skyler Parker [Synthetic 029],+12025550128,person029@example.test,Group host interest; unverified fictional note
Jamie Parker [Synthetic 030],+12025550129,person030@example.test,Service volunteer interest; unverified fictional note
Avery Bennett [Synthetic 031],+12025550130,person031@example.test,Greeter interest; unverified fictional note
Jordan Bennett [Synthetic 032],+12025550131,person032@example.test,Usher interest; unverified fictional note
Morgan Bennett [Synthetic 033],+12025550132,person033@example.test,Production interest; unverified fictional note
Riley Bennett [Synthetic 034],+12025550133,person034@example.test,Youth helper interest; unverified fictional note
Casey Bennett [Synthetic 035],+12025550134,person035@example.test,Group host interest; unverified fictional note
Taylor Bennett [Synthetic 036],+12025550135,person036@example.test,Service volunteer interest; unverified fictional note
Quinn Bennett [Synthetic 037],+12025550136,person037@example.test,Greeter interest; unverified fictional note
Alex Bennett [Synthetic 038],+12025550137,person038@example.test,Usher interest; unverified fictional note
Skyler Bennett [Synthetic 039],+12025550138,person039@example.test,Production interest; unverified fictional note
Jamie Bennett [Synthetic 040],+12025550139,person040@example.test,Youth helper interest; unverified fictional note
Avery Rivera [Synthetic 041],+12025550140,person041@example.test,Group host interest; unverified fictional note
Jordan Rivera [Synthetic 042],+12025550141,person042@example.test,Service volunteer interest; unverified fictional note
Morgan Rivera [Synthetic 043],+12025550142,person043@example.test,Greeter interest; unverified fictional note
Riley Rivera [Synthetic 044],+12025550143,person044@example.test,Usher interest; unverified fictional note
Casey Rivera [Synthetic 045],+12025550144,person045@example.test,Production interest; unverified fictional note
Taylor Rivera [Synthetic 046],+12025550145,person046@example.test,Youth helper interest; unverified fictional note
Quinn Rivera [Synthetic 047],+12025550146,person047@example.test,Group host interest; unverified fictional note
Alex Rivera [Synthetic 048],+12025550147,person048@example.test,Service volunteer interest; unverified fictional note
Skyler Rivera [Synthetic 049],+12025550148,person049@example.test,Greeter interest; unverified fictional note
Jamie Rivera [Synthetic 050],+12025550149,person050@example.test,Usher interest; unverified fictional note
Avery Brooks [Synthetic 051],+12025550150,person051@example.test,Production interest; unverified fictional note
Jordan Brooks [Synthetic 052],+12025550151,person052@example.test,Youth helper interest; unverified fictional note
Morgan Brooks [Synthetic 053],+12025550152,person053@example.test,Group host interest; unverified fictional note
Riley Brooks [Synthetic 054],+12025550153,person054@example.test,Service volunteer interest; unverified fictional note
Casey Brooks [Synthetic 055],+12025550154,person055@example.test,Greeter interest; unverified fictional note
Taylor Brooks [Synthetic 056],+12025550155,person056@example.test,Usher interest; unverified fictional note
Quinn Brooks [Synthetic 057],+12025550156,person057@example.test,Production interest; unverified fictional note
Alex Brooks [Synthetic 058],+12025550157,person058@example.test,Youth helper interest; unverified fictional note
Skyler Brooks [Synthetic 059],+12025550158,person059@example.test,Group host interest; unverified fictional note
Jamie Brooks [Synthetic 060],+12025550159,person060@example.test,Service volunteer interest; unverified fictional note
Avery Ellis [Synthetic 061],+12025550160,person061@example.test,Greeter interest; unverified fictional note
Jordan Ellis [Synthetic 062],+12025550161,person062@example.test,Usher interest; unverified fictional note
Morgan Ellis [Synthetic 063],+12025550162,person063@example.test,Production interest; unverified fictional note
Riley Ellis [Synthetic 064],+12025550163,person064@example.test,Youth helper interest; unverified fictional note
Casey Ellis [Synthetic 065],+12025550164,person065@example.test,Group host interest; unverified fictional note
Taylor Ellis [Synthetic 066],+12025550165,person066@example.test,Service volunteer interest; unverified fictional note
Quinn Ellis [Synthetic 067],+12025550166,person067@example.test,Greeter interest; unverified fictional note
Alex Ellis [Synthetic 068],+12025550167,person068@example.test,Usher interest; unverified fictional note
Skyler Ellis [Synthetic 069],+12025550168,person069@example.test,Production interest; unverified fictional note
Jamie Ellis [Synthetic 070],+12025550169,person070@example.test,Youth helper interest; unverified fictional note
Avery Chen [Synthetic 071],+12025550170,person071@example.test,Group host interest; unverified fictional note
Jordan Chen [Synthetic 072],+12025550171,person072@example.test,Service volunteer interest; unverified fictional note
Morgan Chen [Synthetic 073],+12025550172,person073@example.test,Greeter interest; unverified fictional note
Riley Chen [Synthetic 074],+12025550173,person074@example.test,Usher interest; unverified fictional note
Casey Chen [Synthetic 075],+12025550174,person075@example.test,Production interest; unverified fictional note
Taylor Chen [Synthetic 076],+12025550175,person076@example.test,Youth helper interest; unverified fictional note
Quinn Chen [Synthetic 077],+12025550176,person077@example.test,Group host interest; unverified fictional note
Alex Chen [Synthetic 078],+12025550177,person078@example.test,Service volunteer interest; unverified fictional note
Skyler Chen [Synthetic 079],+12025550178,person079@example.test,Greeter interest; unverified fictional note
Jamie Chen [Synthetic 080],+12025550179,person080@example.test,Usher interest; unverified fictional note
Avery Reed [Synthetic 081],+12025550180,person081@example.test,Production interest; unverified fictional note
Jordan Reed [Synthetic 082],+12025550181,person082@example.test,Youth helper interest; unverified fictional note
Morgan Reed [Synthetic 083],+12025550182,person083@example.test,Group host interest; unverified fictional note
Riley Reed [Synthetic 084],+12025550183,person084@example.test,Service volunteer interest; unverified fictional note
Casey Reed [Synthetic 085],+12025550184,person085@example.test,Greeter interest; unverified fictional note
Taylor Reed [Synthetic 086],+12025550185,person086@example.test,Usher interest; unverified fictional note
Quinn Reed [Synthetic 087],+12025550186,person087@example.test,Production interest; unverified fictional note
Alex Reed [Synthetic 088],+12025550187,person088@example.test,Youth helper interest; unverified fictional note
Skyler Reed [Synthetic 089],+12025550188,person089@example.test,Group host interest; unverified fictional note
Jamie Reed [Synthetic 090],+12025550189,person090@example.test,Service volunteer interest; unverified fictional note
Avery Finch [Synthetic 091],+12025550190,person091@example.test,Greeter interest; unverified fictional note
Jordan Finch [Synthetic 092],+12025550191,person092@example.test,Usher interest; unverified fictional note
Morgan Finch [Synthetic 093],+12025550192,person093@example.test,Production interest; unverified fictional note
Riley Finch [Synthetic 094],+12025550193,person094@example.test,Youth helper interest; unverified fictional note
Casey Finch [Synthetic 095],+12025550194,person095@example.test,Group host interest; unverified fictional note
Taylor Finch [Synthetic 096],+12025550195,person096@example.test,Service volunteer interest; unverified fictional note
Quinn Finch [Synthetic 097],+12025550196,person097@example.test,Greeter interest; unverified fictional note
Alex Finch [Synthetic 098],+12025550197,person098@example.test,Usher interest; unverified fictional note
Skyler Finch [Synthetic 099],+12025550198,person099@example.test,Production interest; unverified fictional note
Jamie Finch [Synthetic 100],+12025550199,person100@example.test,Youth helper interest; unverified fictional note
